[
    {
        "id": 1,
        "name":" Nike Sportswear Solo Swoosh ",
        "price": "1200.00",
        "image": "img/sportswear-solo-swoosh-woven-tracksuit-jacket-pXxCn6.png",
        "quantity": 8,
        "productType": "Mens wove track suite jacket",
        "color":" 1 color",
        "category": "Trasuit",
        "description": "Day or night, our Solo Swoosh tracksuit jacket gives you clean, classic style that's synonymous with our Solo Swoosh collection. The woven fabric feels crisp and lightweight, and the reflective design piping adds a pop of contrast. For a uniform look from the front door to the record shop, pair it up with our matching Solo Swoosh tracksuit bottoms."
    },
    {
        "id": 2,
        "name":" Jordan Brand ",
        "price": "649.00",
        "image": "img/jordan-brand-t-shirt-mmGbBr.png",
        "quantity": 8,
        "productType": "Men's T-Shirt",
        "color":" 3 color",
        "description": "What's more classic than the Jumpman? A cotton tee, of course. We're giving you both for comfortable style you can rock anywhere."
    },
    {
        "id": 3,
        "name":" LD03 LOUNGE CHAIR",
        "price": "1 599.00",
        "image": "img/club-cargo-trousers-7g3VJK.png",
        "quantity": 8,
        "productType": "Men's Cargo Trousers",
        "color":" 1 color",
        "description": "When your daily adventures call for lightweight, breathable comfort, pull on a pair of these cotton Ripstop trousers from our Nike Club Collection. The cargo pockets offer plenty of storage, while the relaxed straight-leg fit gives you a casual feel through the seat and thighs for easy, everyday wear."
    },
    {
        "id": 4,
        "name":" Nike Brasilia 9.5 ",
        "price": "1549.00",
        "image": "img/brasilia-9-5-training-duffel-bag-nX9Xjb.png",
        "quantity": 8,
        "productType": "Training Duffel Bag (Extra-Small, 25L)",
        "color":" 1 color",
        "description": "Good things come in small packages, especially when that package is the Nike Brasilia Duffel Bag. Fill it with your gear and stay organised on your next trip to the gym or a daytime adventure. A side compartment stores shoes and sweaty clothes separate, while inner and outer pockets help you stay organised. This product is made from at least 50% recycled polyester fibre"
    },
    {
        "id": 5,
        "name":" Nike Cushioned Crew Socks",
        "price": "299.00",
        "image": "img/everyday-plus-cushioned-crew-socks-nhk9W8.png",
        "quantity": 8,
        "productType": "Cushioned Crew Socks (6 Pairs)",
        "color":" 6 colors",
        "description": "Getting the most out of your workout shouldn't be compromised by aching feet. These socks feature cushioning on the forefoot and heel to provide that extra buffer, and sweat-wicking technology is there too, for when your workout turns turbo"
    },
    {
        "id": 6,
        "name":" Nike bucket hat",
        "price": 200,
        "image": "img/apex-reversible-bucket-hat-9BgfBT.png",
        "quantity": 8,
        "productType": "Cushioned bucket",
        "color":" 1 color",
        "description": "Expertly rendered by Carl Hansen & Søn, the lounge chair—first introduced in 1951 and enduring ever since—is available in oak or as a combination of oak and walnut, sourced from sustainable forestry. Choose from seat and back upholstery in a selection of leather options or in a custom fabric."
    },
    {
        "id": 7,
        "name":" LD07 LOUNGE CHAIR",
        "price": 200,
        "image": "img/15.png",
        "quantity": 8,
        "productType": "Mens wove track suite jacket",
        "color":" 1 color",
        "description": "Expertly rendered by Carl Hansen & Søn, the lounge chair—first introduced in 1951 and enduring ever since—is available in oak or as a combination of oak and walnut, sourced from sustainable forestry. Choose from seat and back upholstery in a selection of leather options or in a custom fabric."
    },
    {
        "id": 8,
        "name":" LD08 LOUNGE CHAIR",
        "price": 200,
        "image": "img/16.png",
        "quantity": 8,
        "productType": "Mens wove track suite jacket",
        "color":" 1 color",
        "description": "Expertly rendered by Carl Hansen & Søn, the lounge chair—first introduced in 1951 and enduring ever since—is available in oak or as a combination of oak and walnut, sourced from sustainable forestry. Choose from seat and back upholstery in a selection of leather options or in a custom fabric."
    },
    {
        "id": 9,
        "name":" LD01 LOUNGE CHAIR",
        "price": 200,
        "image": "img/17.png",
        "quantity": 8,
        "productType": "Mens wove track suite jacket",
        "color":" 1 color",
        "description": "Expertly rendered by Carl Hansen & Søn, the lounge chair—first introduced in 1951 and enduring ever since—is available in oak or as a combination of oak and walnut, sourced from sustainable forestry. Choose from seat and back upholstery in a selection of leather options or in a custom fabric."
    }
    

]